value;posProb;negProb;overallProb
0;-0.9000302110023748;-0.5471255608377504;-0.594289242389686
1;-0.642017834037341;-1.1608378256349259;-1.0592728741080772
2;-2.8870984325511957;-2.6668626426955955;-2.701129758257636
3;-4.467548808112044;-3.252021185191445;-3.375301037358576
