value;posProb;negProb;overallProb
0;0.39792387543252594;0.5845290081097941;0.5560253699788583
1;0.5363321799307958;0.31160324391765437;0.34593023255813954
2;0.05536332179930796;0.06737367436057393;0.06553911205073996
3;0.010380622837370242;0.03649407361197754;0.03250528541226216
