value;posProb;negProb;overallProb
0;0.43252595155709345;0.6643792888334373;0.6289640591966174
1;0.5103806228373703;0.28134747348721145;0.3163319238900634
2;0.05536332179930796;0.043044291952588895;0.04492600422832981
3;0.0017301038062283738;0.011228945726762321;0.009778012684989429
