value;posProb;negProb;overallProb
0;0.43252595155709345;0.6643792888334373;0.6289640591966174
1;0.5103806228373703;0.28134747348721145;0.3163319238900634
2;0.05536332179930796;0.043044291952588895;0.04492600422832981
3;0.0017301038062283738;0.008109794135995009;0.007135306553911205
4;0.0;0.002183406113537118;0.0018498942917547568
5;0.0;6.238303181534623E-4;5.285412262156448E-4
7;0.0;3.1191515907673113E-4;2.642706131078224E-4
