value;posProb;negProb;overallProb
0;0.42295081967213116;0.6648385131017672;0.6273148148148148
1;0.5180327868852459;0.2794028031687995;0.3168724279835391
2;0.05573770491803279;0.043266301035953685;0.045010288065843625
3;0.003278688524590164;0.012492382693479586;0.010802469135802469
