value;posProb;negProb;overallProb
0;0.4240924092409241;0.6653447223917023;0.6277033985581875
1;0.5198019801980198;0.2794386821232459;0.3169412976313079
2;0.054455445544554455;0.04301403294691885;0.04479917610710608
3;0.0016501650165016502;0.012202562538133009;0.010556127703398558
