value;posProb;negProb;overallProb
0;0.21212121212121213;0.095;0.11013215859030837
-1;0.030303030303030304;0.275;0.2422907488986784
1;0.030303030303030304;0.035;0.030837004405286344
2;0.030303030303030304;0.08;0.07048458149779736
3;0.030303030303030304;0.075;0.06607929515418502
4;0.6666666666666666;0.44;0.4801762114537445
