value;posProb;negProb;overallProb
0;0.22112211221122113;0.24069554606467358;0.23764160659114314
1;0.2145214521452145;0.2181208053691275;0.21755921730175076
2;0.334983498349835;0.22086638194020744;0.23867147270854788
3;0.054455445544554455;0.1235509456985967;0.11277033985581875
4;0.17491749174917492;0.19676632092739477;0.19335736354273944
