value;posProb;negProb;overallProb
0;0.2179930795847751;0.24173424828446663;0.238107822410148
1;0.22145328719723184;0.219276356830942;0.2196088794926004
2;0.3944636678200692;0.3418590143480973;0.3498942917547569
3;0.16608996539792387;0.19713038053649407;0.19238900634249473
