value;posProb;negProb;overallProb
0;0.220949263502455;0.24063356685957965;0.23759321162252506
1;0.2144026186579378;0.21809320743222663;0.217536641810234
2;0.33387888707037644;0.2208346024977155;0.23862175366418104
3;0.05564648117839607;0.12366737739872068;0.11288248907174081
4;0.1751227495908347;0.19677124581175753;0.1933659038313191
