value;posProb;negProb;overallProb
0;0.2179930795847751;0.24173424828446663;0.238107822410148
1;0.22145328719723184;0.219276356830942;0.2196088794926004
2;0.3391003460207612;0.2205240174672489;0.23863636363636365
3;0.05536332179930796;0.12133499688084841;0.11125792811839323
4;0.16608996539792387;0.19713038053649407;0.19238900634249473
