value;posProb;negProb;overallProb
-1;0.7295081967213115;0.8957952468007313;0.8703703703703703
0;0.07377049180327869;0.036867763558805604;0.04243827160493827
1;0.013114754098360656;0.005484460694698354;0.006430041152263375
2;0.18360655737704917;0.061852528945764776;0.08076131687242798
