value;posProb;negProb;overallProb
1;0.773356401384083;0.7710542732376794;0.7714059196617337
2;0.1384083044982699;0.12694946974422958;0.1286997885835095
3;0.0657439446366782;0.05271366188396756;0.05470401691331924
4;0.02249134948096886;0.049282595134123516;0.04519027484143763
