value;posProb;negProb;overallProb
1;0.7737704918032787;0.7702620353443023;0.7713477366255144
2;0.1377049180327869;0.12583790371724557;0.12757201646090535
3;0.06557377049180328;0.05301645338208409;0.05478395061728395
4;0.022950819672131147;0.05088360755636807;0.046296296296296294
