value;posProb;negProb;overallProb
0;-2.426112912607321;-1.5440050304670025;-1.6405149661477911
1;-0.7803073560023458;-0.6009709736173366;-0.6262650462977344
2;-0.9683595875052854;-1.922726813599656;-1.6992349043525063
3;-2.888736434555434;-2.9490184406881395;-2.942897355017339
4;-4.017201686373225;-3.2289784670460104;-3.324264911546443
