value;posProb;negProb;overallProb
0;0.08745874587458746;0.21354484441732763;0.1938722966014418
1;0.4603960396039604;0.548810250152532;0.535015447991761
2;0.3811881188118812;0.14612568639414278;0.18280123583934088
3;0.054455445544554455;0.05216595485051861;0.05252317198764161
4;0.0165016501650165;0.03935326418547895;0.035787847579814624
