value;posProb;negProb;overallProb
0;0.088379705400982;0.21352421565641183;0.1938801748521471
1;0.4582651391162029;0.5482790130977764;0.5345847261506814
2;0.37970540098199673;0.14620773682607371;0.1828233479043456
3;0.05564648117839607;0.05239110569600975;0.052712779634867576
4;0.01800327332242226;0.0395979287237283;0.03599897145795834
