value;posProb;negProb;overallProb
0;0.08823529411764706;0.21802869619463505;0.1982029598308668
1;0.4515570934256055;0.5492825951341235;0.5343551797040169
2;0.3892733564013841;0.1444167186525265;0.18181818181818182
3;0.05363321799307959;0.05084217092950717;0.051268498942917545
4;0.01730103806228374;0.037429819089207735;0.034355179704016914
