value;posProb;negProb;overallProb
0;0.7326732673267327;0.8965832824893227;0.8710092687950567
1;0.23432343234323433;0.08938377059182429;0.11199794026776519
2;0.03135313531353135;0.010982306284319707;0.01416065911431514
3;0.0016501650165016502;0.003050640634533252;0.0028321318228630276
