value;posProb;negProb;overallProb
0;0.7318339100346021;0.8964441671865253;0.8713002114164905
1;0.23356401384083045;0.0901434809731753;0.11205073995771671
2;0.0328719723183391;0.010293200249532126;0.013742071881606765
3;0.0017301038062283738;0.0031191515907673115;0.0029069767441860465
