value;posProb;negProb;overallProb
1;0.6666666666666666;0.6964612568639414;0.6918125643666323
2;0.21947194719471946;0.1696156192800488;0.177394438722966
3;0.11386138613861387;0.13392312385600977;0.13079299691040164
