value;posProb;negProb;overallProb
1;0.6747404844290658;0.6943231441048034;0.6913319238900634
2;0.21626297577854672;0.17061759201497192;0.17758985200845667
3;0.10899653979238755;0.13505926388022457;0.13107822410147993
