value;posProb;negProb;overallProb
1;0.6747404844290658;0.6943231441048034;0.6913319238900634
2;0.21626297577854672;0.17061759201497192;0.17758985200845667
3;0.06055363321799308;0.07891453524641298;0.07610993657505286
4;0.03806228373702422;0.039925140361821584;0.03964059196617336
5;0.010380622837370242;0.016219588271990017;0.0153276955602537
