value;posProb;negProb;overallProb
0;0.8322368421052632;0.7719512195121951;0.7815234173957797
1;0.16776315789473684;0.2280487804878049;0.2184765826042203
