value;posProb;negProb;overallProb
0;0.8333333333333334;0.7721171446003661;0.7816683831101957
1;0.16666666666666666;0.22788285539963393;0.21833161688980432
