value;posProb;negProb;overallProb
0;0.8304498269896193;0.7754210854647536;0.7838266384778013
1;0.1695501730103806;0.22457891453524642;0.21617336152219874
