value;posProb;negProb;overallProb
0;-0.18363821267870145;-0.2588339181141226;-0.24651016489163668
1;-1.785202068681896;-1.4781957234037122;-1.521076443626038
