value;posProb;negProb;overallProb
0;-0.028358864560068826;-0.09223564274824142;-0.08173825993895271
1;-3.576961537909951;-2.4291720132657573;-2.544823853329974
