value;posProb;negProb;overallProb
0;0.9720394736842105;0.911890243902439;0.9215131240349974
1;0.027960526315789474;0.08810975609756097;0.07848687596500258
