value;posProb;negProb;overallProb
0;0.9740484429065744;0.9151590767311292;0.9241543340380549
1;0.025951557093425604;0.08484092326887087;0.07584566596194503
