value;posProb;negProb;overallProb
0;0.9735973597359736;0.9121415497254424;0.92173017507724
1;0.026402640264026403;0.08785845027455766;0.07826982492276004
