value;posProb;negProb;overallProb
-1;0.03770491803278689;0.16940889701401585;0.14866255144032922
1;0.4016393442622951;0.3598415600243754;0.36651234567901236
2;0.4311475409836066;0.34795856185252894;0.3611111111111111
3;0.12950819672131147;0.12279098110907984;0.12371399176954732
