value;posProb;negProb;overallProb
1;0.5057283142389526;0.5973195248248553;0.5834404731293391
2;0.23404255319148937;0.17057569296375266;0.1805091283106197
3;0.11456628477905073;0.08406944867499239;0.08871175109282592
4;0.07692307692307693;0.04904051172707889;0.05322705065569555
5;0.06873977086743044;0.09899482180932075;0.09411159681151968
