value;posProb;negProb;overallProb
1;0.5082508250825083;0.5979255643685174;0.583934088568486
2;0.23432343234323433;0.1705308114704088;0.18048403707518024
3;0.11386138613861387;0.08389261744966443;0.08856848609680741
4;0.07590759075907591;0.048810250152532035;0.05303810504634397
5;0.06765676567656766;0.09884075655887736;0.09397528321318228
