value;posProb;negProb;overallProb
1;0.5155709342560554;0.6001247660636307;0.5872093023255814
2;0.22837370242214533;0.16968184653774174;0.17864693446088795
3;0.11245674740484429;0.08452900810979413;0.08879492600422834
4;0.07439446366782007;0.049906425452276984;0.053646934460887946
5;0.06920415224913495;0.09575795383655646;0.09170190274841437
