value;priorProb
posProb;0.1560247167868177
negProb;0.8439752832131823
