value;priorProb
posProb;0.14035087719298245
negProb;0.8596491228070176
