value;priorProb
posProb;0.12217194570135746
negProb;0.8778280542986425
