value;posProb;negProb;overallProb
1;-0.2564799715818015;-0.26102451638328816;-0.25961598683132064
2;-1.9826421583240432;-2.0727606786890034;-2.059074238855402
3;-2.7245795030534206;-2.9371529724355074;-2.9043579998709044
4;-3.7744016275520984;-2.978214459233281;-3.0726933146901194
