value;posProb;negProb;overallProb
1;-0.6817556822738498;-0.5153030913052464;-0.5388128493759057
2;-1.452252328911688;-1.7685761337723978;-1.7119739301299362
3;-2.1666017171222363;-2.4761120517844426;-2.4223629171243877
4;-2.5649493574615367;-3.0151085525171295;-2.933188540890378
5;-2.677427340888227;-2.3126877351718553;-2.363274000754381
