value;priorProb
posProb;-1.8577408433419011
negProb;-0.16963207010744055
